id	text
cmd01	確定
cmd02	エンター
cmd03	改行
cmd04	送信
short01	了解です。
short02	ありがとうございます、確認します。
daily01	今日の午後3時から定例ミーティングがあります。
daily02	資料は明日の朝までに共有していただけると助かります。
daily03	すみません、少し遅れて参加します。
tech01	このプルリクエストのレビューをお願いします。
tech02	TypeScriptの型エラーを修正してからマージします。
tech03	RustとTauriでデスクトップアプリを作っています。
tech04	GitHubのイシューにバグの再現手順を書いておきました。
tech05	音声認識モデルはQwen3 ASRを使っています。
tech06	APIのレスポンスが遅いので、キャッシュを追加しましょう。
num01	2026年9月30日の午前10時に集合です。
num02	予算は約150万円で、納期は3週間後です。
long01	バックグラウンドで常駐して、ショートカットで音声入力を切り替え、話した部分だけを文字起こししてフォーカスしているアプリに入力するツールを開発しています。
long02	まずは検証用のツールを作って、Pythonで動かした場合とRustで動かした場合の精度と速度を比較し、その結果をもとに配布する構成を決めたいと思います。
mixed01	えーと、つまり、その、明日でも大丈夫ということですね。
